program_id,program_name,program_name_ur,category,scope,province,implementing_agency,target_beneficiary,min_age,max_age,education_level,student_status_required,max_monthly_income_pkr,special_criteria,benefits_coverage,required_documents,application_steps,official_url,helpline
NAT-SCH-01,HEC Need Based Scholarships Program,ایچ ای سی ضرورت مند اسکالرشپ پروگرام,Scholarship,Pakistan-Wide,All Pakistan,Higher Education Commission (HEC) Pakistan,Economically disadvantaged undergraduate students admitted on merit in public sector universities,17,30,Undergraduate (Bachelor / BS),Yes,45000,Regular morning admission in participating public university; merit standing; verified financial hardship,"100% Tuition fee coverage + PKR 6,000/month living stipend for standard degree duration",Applicant CNIC/B-Form; Guardian CNIC; Salary slip/income affidavit; 6-month utility bills; Semester fee challan; Academic transcripts; Rent agreement (if rented),Apply online via HEC Scholarship Portal (eportal.hec.gov.pk) or through University Financial Aid Office (FAO). Shortlisted applicants are interviewed by ISAC committee.,https://www.hec.gov.pk/english/scholarshipsgrants/NBS/Pages/default.aspx,051-111-119-432
NAT-SCH-02,Prime Minister's Youth Laptop Scheme (PMYLS),وزیراعظم یوتھ لیپ ٹاپ اسکیم,Scholarship / Educational Support,Pakistan-Wide,All Pakistan,Prime Minister's Youth Programme (PMYP) & HEC,Regular students enrolled in HEC-recognized public higher education institutions,17,35,Undergraduate / Master / PhD,Yes,Not income-tested,Active student in approved degree; allocation based strictly on CGPA/percentage merit quota; private/distance excluded,Free brand new high-end core-spec laptop equipped with licensed OS and academic software,Valid CNIC / B-Form; University Student ID card; Institutional bonafide verification; Transcript showing latest semester CGPA or terminal percentage,Apply online on PMYP Students Portal (pmyp.gov.pk). Institutional focal persons verify academic data before final merit list generation.,https://pmyp.gov.pk/,051-9103567
NAT-SCH-03,HEC Indigenous PhD Fellowship Program,ایچ ای سی مقامی پی ایچ ڈی فیلوشپ پروگرام,Scholarship,Pakistan-Wide,All Pakistan,Higher Education Commission (HEC),Pakistani/AJK nationals with outstanding academic credentials pursuing full-time PhD in Pakistan,22,40,Postgraduate (MS / MPhil / PhD),Yes,Not income-tested,Minimum 16 years of education with 1st Division / 3.0 CGPA; valid HAT or equivalent HEC aptitude test score; no other full scholarship,"Monthly stipend of PKR 25,000 - 35,000 + full tuition fee + book & thesis allowance",CNIC; Educational degrees from Matric to MS; Equivalence (if foreign); HAT score card; Research proposal; Enrolment certificate,Submit online via HEC portal (eportal.hec.gov.pk) during advertised call for proposals.,https://www.hec.gov.pk/english/scholarshipsgrants/IPFP/Pages/default.aspx,051-111-119-432
NAT-SCH-04,Workers Welfare Fund (WWF) National Higher Education Scholarship,ورکرز ویلفیئر فنڈ قومی اعلیٰ تعلیمی اسکالرشپ,Scholarship,Pakistan-Wide,All Pakistan,"Workers Welfare Fund (WWF), Ministry of Overseas Pakistanis & HRD",Children of industrial workers registered under EOBI or Social Security (SESSI/PESSI),16,28,Intermediate / Undergraduate / Master,Yes,50000,Parent must be a registered industrial worker with at least 3 years verified service; student admitted on merit,"100% Tuition fee, hostel fee, transport charges, and monthly transport/pocket allowance",Worker EOBI card / Social Security card; Worker service certificate; Student CNIC/B-Form; Admission letter; Fee challan; Character certificate,Submit application attested by factory/mill employer to Provincial Workers Welfare Board or Directorate.,https://wwf.gov.pk/,051-9258280
NAT-SCH-05,Overseas Pakistanis Foundation (OPF) Educational Scholarship,اوورسیز پاکستانیز فاؤنڈیشن تعلیمی اسکالرشپ,Scholarship,Pakistan-Wide,All Pakistan,Overseas Pakistanis Foundation (OPF),"Children of registered overseas Pakistani workers studying in Intermediate, Graduate, or Professional programs",16,26,Intermediate / Undergraduate,Yes,100000,Father/Mother must be a registered overseas worker holding valid OPF membership or Protector stamp; minimum 60% marks,"Annual educational grant ranging from PKR 30,000 to PKR 50,000 per academic year",OPF membership card copy; Foreign work visa/passport page; Student CNIC/B-form; Last exam marksheet; Fee voucher,Apply online through OPF education portal (opf.org.pk) during annual cycle.,https://www.opf.org.pk/education/scholarships/,051-9203232
NAT-SCH-06,National Endowment Scholarships for Talent (NEST) - Nursing & Undergraduate,قومی اینڈومنٹ اسکالرشپ فار ٹیلنٹ (نسٹ),Scholarship,Pakistan-Wide,All Pakistan,"National Endowment Scholarships for Talent (NEST), Ministry of Federal Education","Needy and talented students admitted in BS Nursing, Fine Arts, and STEM programs in partner universities",17,25,Undergraduate (BS Nursing / BS Arts / STEM),Yes,45000,Admission secured on merit; special focus on nursing students and vulnerable districts across Pakistan,"Full admission and tuition fees + PKR 5,000 monthly living stipend",CNIC/B-Form; Guardian CNIC; Income certificate; Intermediate certificate; Institutional admission proof; Domicile,Apply through partner institution's Financial Aid Office or online when NEST opens calls.,https://nest.org.pk/,051-9245571
NAT-SCH-07,HEC Undergraduate Scholarship for Gilgit-Baltistan Students,ایچ ای سی انڈرگریجویٹ اسکالرشپ برائے طلبہ گلگت بلتستان,Scholarship,Pakistan-Wide,Gilgit-Baltistan,Higher Education Commission (HEC),Students having domicile/local certificate of Gilgit-Baltistan pursuing 4-5 year BS degrees in top Pakistani universities,17,23,Undergraduate (Bachelor / BS),Yes,Not income-tested,Domicile of Gilgit-Baltistan; completed SSC/HSSC in GB; qualified HEC aptitude aptitude test (ETC),"Tuition fee waiver up to PKR 240,000/year + annual book allowance + monthly stipend of PKR 15,000",GB Domicile/Local Certificate; SSC & HSSC Result Cards; CNIC/B-Form; HEC ETC test roll number slip,Register via HEC Education Testing Council (etc.hec.gov.pk) and eportal.,https://www.hec.gov.pk/english/scholarshipsgrants/GB/Pages/default.aspx,051-111-119-432
NAT-SCH-08,HEC Scholarship Scheme for Students of Balochistan and Former FATA,ایچ ای سی اسکالرشپ اسکیم برائے طلبہ بلوچستان و سابقہ فاٹا,Scholarship,Pakistan-Wide,"Balochistan, Khyber Pakhtunkhwa (Merged Districts)",Higher Education Commission (HEC),Undergraduate and postgraduate students holding domicile of Balochistan or erstwhile FATA tribal districts,17,35,Undergraduate / Postgraduate,Yes,Not income-tested,Valid Domicile/Local Certificate of Balochistan or Former FATA; passed intermediate or 16-year degree; aptitude test clearance,"100% Tuition fees, hostel charges, books allowance (PKR 30,000/year) and monthly stipend (PKR 18,000 - 24,000)",Local/Domicile Certificate; Father CNIC; Academic degrees; Medical fitness certificate; HEC ETC roll slip,Apply online at HEC e-portal when applications are invited by Project Directorate.,https://www.hec.gov.pk/english/scholarshipsgrants/fata-balochistan/Pages/default.aspx,051-111-119-432
NAT-SCH-09,NAVTTC Prime Minister's Youth Skills Development Program (PMYSDP),نیوٹیک وزیراعظم یوتھ اسکل ڈیولپمنٹ پروگرام,Vocational / Skills Training,Pakistan-Wide,All Pakistan,National Vocational and Technical Training Commission (NAVTTC),"Unemployed youth seeking marketable digital and high-tech industrial vocational skills (IT, AI, Robotics, Trades)",18,40,Matric / Intermediate / Graduation / Any,No,Not income-tested,"Pakistani citizen; priority given to underprivileged youth, school dropouts, and women",Free 3-to-6-month technical training + internationally recognized NAVTTC certificate + monthly stipend + toolkit,Valid CNIC / B-Form; Educational certificates (Matric/FA/FSc or higher if applying for Hi-Tech); Passport size photograph,Register online through NAVTTC National Skills Portal (nsis.navttc.gov.pk) or candidate portal.,https://navttc.gov.pk/,0800-88866
NAT-FIN-01,Benazir Kafaalat Programme (BISP),بے نظیر کفالت پروگرام,Financial Assistance,Pakistan-Wide,All Pakistan,"Benazir Income Support Programme (BISP), Government of Pakistan",Female heads of low-income households falling below the national poverty line,18,65,Any / None,No,25000,"Ever-married female; NSER PMT score <= 32; no family ownership of commercial land, luxury vehicle, or foreign travel","Unconditional quarterly cash grant of PKR 10,500 to PKR 13,500 disbursed through biometric ATM/campsites",Original CNIC of female head; NADRA B-Forms for children; Biometric verification; Registered mobile SIM,Undergo dynamic registry survey at nearest BISP Tehsil Center. Verify eligibility by texting CNIC to 8171.,https://www.bisp.gov.pk/,0800-26477
NAT-FIN-02,Benazir Taleemi Wazaif Programme,بے نظیر تعلیمی وظائف پروگرام,Financial Assistance / Education,Pakistan-Wide,All Pakistan,Benazir Income Support Programme (BISP),School and college-going children (aged 4-22) of active Benazir Kafaalat beneficiary mothers,4,22,"Primary, Secondary, Higher Secondary",Yes,25000,Mother must be an active registered BISP recipient; child must maintain minimum 70% school attendance per quarter,"Quarterly cash stipend (Primary: PKR 1,500-2,000; Secondary: PKR 2,500-3,000; Higher Secondary: PKR 3,500-4,000) + PKR 3,000 primary bonus for girls",Mother's CNIC; Child's NADRA B-Form/CRC; School Admission/Attendance verification slip stamped by headteacher,"Obtain school enrollment slip, get stamped by school head, submit at nearest BISP Tehsil Registration Office.",https://www.bisp.gov.pk/,0800-26477
NAT-FIN-03,Benazir Nashonuma Programme,بے نظیر نشوونما پروگرام,Financial Assistance / Nutrition,Pakistan-Wide,All Pakistan,BISP in partnership with World Food Programme (WFP) & Health Departments,Pregnant & Lactating Women (PLW) and children under 24 months from underprivileged households,0,45,Any / None,No,25000,"Must be enrolled in BISP Kafaalat; compliance with compulsory health checkups, maternal nutrition sessions, and EPI child vaccinations","Quarterly cash stipend (PKR 2,000 for mother/male infant; PKR 2,500 for female infant) + free Specialized Nutritious Food (SNF) sachets",Mother's CNIC; Child's NADRA B-Form / Birth Certificate; Child Immunization Card; Antenatal/Postnatal medical booklet,Visit dedicated Nashonuma Facilitation Centers located at District and Tehsil Headquarters (DHQ/THQ) Hospitals.,https://www.bisp.gov.pk/,0800-26477
NAT-FIN-04,Pakistan Bait-ul-Mal Individual Financial Assistance (IFA General),پاکستان بیت المال انفرادی مالی امداد (عام),Financial Assistance,Pakistan-Wide,All Pakistan,Pakistan Bait-ul-Mal (PBM),"Destitute individuals, widows, orphans, disabled persons, and poverty-stricken citizens facing urgent hardship",18,75,Any / None,No,74000,"Total monthly family income must not exceed PKR 74,000; applicant must not have availed similar assistance from PBM in same fiscal year","One-time or emergency rehabilitation grant up to PKR 60,000 per family for basic sustenance, sewing machines, or toolkits",Application written on plain paper addressed to MD PBM; Valid copy of applicant CNIC; Family CNICs/B-Forms; Attested income certificate; Affidavit,Submit application dossier to local District Bait-ul-Mal Office or apply online through pbm.gov.pk.,https://www.pbm.gov.pk/Project-IFA.html,0800-66666
NAT-FIN-05,Pakistan Bait-ul-Mal IFA - Education Stipends,پاکستان بیت المال تعلیمی وظائف,Financial Assistance / Education,Pakistan-Wide,All Pakistan,Pakistan Bait-ul-Mal (PBM),Needy and non-affording regular students studying in government institutions and universities,16,30,Intermediate / Undergraduate / Master,Yes,74000,"Enrolled in public sector college/university; passing grades; family monthly income <= PKR 74,000; first-come, first-served",Annual educational fee payment made directly to the university/college accounting head,PBM Bonafide certificate filled by college/university head; Applicant CNIC; Father CNIC; Fee structure challan; Income affidavit,Submit PBM educational application endorsed by the university head/focal person to the nearest PBM regional office.,https://www.pbm.gov.pk/Project-Scholarships.html,0800-66666
NAT-FIN-06,Pakistan Bait-ul-Mal IFA - Persons with Disabilities (Rehabilitation),پاکستان بیت المال بحالی برائے معذور افراد,Financial Assistance / Disability Support,Pakistan-Wide,All Pakistan,Pakistan Bait-ul-Mal (PBM),"Persons with physical disabilities, hearing impairment, visual impairment, or mobility restrictions",5,75,Any / None,No,74000,"Special disability CNIC (wheelchair logo) or disability assessment board certificate; family income <= PKR 74,000","Free motorized/manual wheelchairs, customized hearing aids, white canes, artificial limbs, and tri-cycles",Disability certificate issued by National/Provincial Council for Rehabilitation of Disabled Persons (N/PCRDP); CNIC copy; Photographs,Submit request at District PBM Office with disability medical board certificate.,https://www.pbm.gov.pk/Project-IFA.html,0800-66666
NAT-FIN-07,Workers Welfare Fund (WWF) Marriage Grant,ورکرز ویلفیئر فنڈ میرج گرانٹ,Financial Assistance,Pakistan-Wide,All Pakistan,Workers Welfare Fund (WWF),Registered industrial workers for the marriage of their daughters (or female workers themselves),18,60,Any / None,No,50000,Worker registered with EOBI or Social Security with minimum 3 years employment in an industrial establishment,"One-time cash financial grant of PKR 400,000 per daughter's wedding (up to multiple daughters)",Worker EOBI/Social Security card; Factory registration certificate; Nikahnama (marriage contract); NADRA CNIC of bride & groom; Attestation by employer,Submit application through factory employer to Provincial Workers Welfare Board.,https://wwf.gov.pk/,051-9258280
NAT-FIN-08,Workers Welfare Fund (WWF) Death Grant,ورکرز ویلفیئر فنڈ ڈیتھ گرانٹ,Financial Assistance,Pakistan-Wide,All Pakistan,Workers Welfare Fund (WWF),Legal heirs and surviving families of deceased industrial workers,18,70,Any / None,No,Not income-tested,Deceased was a registered worker with at least 6 months insurable service; natural or accidental death,"Lump-sum financial grant of PKR 800,000 paid to surviving legal heirs / widow",Death certificate from NADRA; Union Council burial certificate; EOBI card of deceased; Legal heir certificate; Widow CNIC,Submit claim dossier through employer to the respective Provincial Workers Welfare Board office.,https://wwf.gov.pk/,051-9258280
NAT-FIN-09,Employees' Old-Age Benefits Institution (EOBI) Old-Age Pension,ای او بی آئی بڑھاپا پنشن,Financial Assistance / Pension,Pakistan-Wide,All Pakistan,Employees' Old-Age Benefits Institution (EOBI),Retired insured employees from private sector commercial and industrial establishments,60,100,Any / None,No,Not income-tested,Attained age 60 (male) or 55 (female/mine worker); minimum 15 years insurable paid employment contributions,"Lifetime monthly pension of PKR 10,000 - 15,000+ disbursed via Bank of Punjab / Allied Bank EOBI wallet",EOBI Registration Card (PI-02); Original CNIC; Proof of employment & contributions (Form PR-03); Bank account details,Submit Claim Form (PI-03) at nearest EOBI Regional Office upon attaining retirement age.,https://www.eobi.gov.pk/,0800-36241
NAT-FIN-10,Employees' Old-Age Benefits Institution (EOBI) Survivor's Pension,ای او بی آئی بیوہ / پسماندگان پنشن,Financial Assistance / Pension,Pakistan-Wide,All Pakistan,Employees' Old-Age Benefits Institution (EOBI),"Surviving widows, minor orphans, and dependent parents of deceased insured employees or pensioners",18,100,Any / None,No,Not income-tested,Deceased worker possessed minimum 36 months insurable service or was an active EOBI pensioner,Lifetime monthly pension equal to 100% of the deceased insured person's full pension rate,NADRA Death certificate; Deceased EOBI card; Widow's CNIC; Nikahnama; Family Registration Certificate (FRC),Submit Survivor Claim Form (PI-04) at the EOBI Regional Office handling the deceased worker's file.,https://www.eobi.gov.pk/,0800-36241
NAT-FIN-11,Prime Minister's Youth Business & Agriculture Loan Scheme (PMYB&ALS),وزیراعظم یوتھ بزنس و زرعی قرضہ اسکیم,Financial Assistance / Business Loan,Pakistan-Wide,All Pakistan,Prime Minister's Youth Programme (PMYP) in collaboration with SBP & Commercial Banks,"Aspiring young entrepreneurs, startups, small business owners, and youth farmers",21,45,Matric / Intermediate / Graduate / Any,No,Not income-tested,"Pakistani citizen; viable business proposal; clean credit record (e-CIB). Tier-1 loans up to PKR 500,000 are interest-free (0% markup)","Subsidized loans: Tier 1 (up to PKR 500k at 0%), Tier 2 (PKR 500k-1.5M at 5%), Tier 3 (PKR 1.5M-7.5M at 7%)",Valid CNIC; Business plan / feasibility summary; Proof of educational/technical qualification; Utility bill; Personal guarantor (for T2/T3),Submit online application exclusively through the official PMYP portal (pmyp.gov.pk).,https://pmyp.gov.pk/,051-9103567
NAT-FIN-12,OPF Financial Assistance for Deceased Overseas Pakistanis,اوورسیز پاکستانیز فاؤنڈیشن مالی امداد برائے متوفی اوورسیز ملازمین,Financial Assistance,Pakistan-Wide,All Pakistan,Overseas Pakistanis Foundation (OPF),Destitute dependents and legal heirs of registered overseas Pakistani workers who pass away abroad,18,80,Any / None,No,Not income-tested,Deceased worker registered with Protector of Emigrants; death occurred abroad during active legal work contract,"One-time financial assistance grant of PKR 400,000 to family + free dead-body transportation service from airport",Death Certificate from foreign hospital/embassy; Passport showing Protector Stamp; Heirship certificate; Widow/Heir CNIC,"Submit formal request at OPF Head Office in Islamabad or regional offices in Lahore, Karachi, Peshawar, Quetta, Mirpur.",https://www.opf.org.pk/welfare/financial-aid/,051-9203232
NAT-HLT-01,Qaumi Sehat Sahulat Program / Sehat Sahulat Program,قومی صحت سہولت پروگرام,Health Support,Pakistan-Wide,"ICT Islamabad, AJK, Gilgit-Baltistan, designated federal zones","Ministry of National Health Services, Regulations & Coordination & State Life",All permanent resident families in designated zones and NSER low-income registered households,0,100,Any / None,No,35000,Valid CNIC registered in NADRA family tree (FRC); designated territorial residency or NSER health poverty score,"Cashless indoor hospitalization up to PKR 1,000,000 per family/year covering secondary care and priority tertiary diseases (cardiovascular, oncology, dialysis, surgical procedures, ICU)",Original NADRA CNIC of patient / family head; NADRA B-Form for minors; Family Registration Certificate (FRC); Hospital admission referral slip,Check eligibility by sending 13-digit CNIC to 8500 SMS or online at pmhealthprogram.gov.pk. Present CNIC directly at Sehat Sahulat counter in empanelled hospital.,https://www.pmhealthprogram.gov.pk/,0800-09009
NAT-HLT-02,Pakistan Bait-ul-Mal IFA - Medical Treatment Grant,پاکستان بیت المال علاج معالجہ مالی امداد,Health Support,Pakistan-Wide,All Pakistan,Pakistan Bait-ul-Mal (PBM),"Impoverished patients suffering from life-threatening critical illnesses (Cancer, Cardiac, Dialysis, Organ Surgeries)",0,100,Any / None,No,74000,"Admitted in an empanelled public sector tertiary hospital; monthly household income <= PKR 74,000","Financial coverage up to PKR 1,500,000 paid directly to the treating public hospital for surgeries/medicines (up to PKR 2.15M for cochlear implants)",Medical requisition estimate from treating hospital specialist; Original diagnostic reports; Patient CNIC/B-Form; Family CNICs; Attested income certificate,Submit medical dossier endorsed by Medical Superintendent (MS) of treating hospital to local District PBM Office.,https://www.pbm.gov.pk/Project-IFA.html,0800-66666
PB-SCH-01,Chief Minister Punjab Honhaar Undergraduate Scholarship Program,وزیراعلیٰ پنجاب ہونہار انڈرگریجویٹ اسکالرشپ پروگرام,Scholarship,Province-Wise,Punjab,Higher Education Department (HED) Punjab / Punjab Higher Education Commission,"Meritorious students admitted into 4-5 year BS, MBBS, and BDS programs across 68 priority disciplines",17,22,"Undergraduate (BS, MBBS, BDS)",Yes,300000,"Punjab domicile holder; minimum 60% in Intermediate/HSSC; family monthly income <= PKR 300,000; enrolled in approved public or designated top private universities",100% full tuition fee coverage directly paid to university for the complete degree duration (4 to 5 years),Applicant's CNIC / B-Form; Father / Guardian's CNIC; Punjab Domicile Certificate; Intermediate Mark Sheet; University admission offer letter; Income affidavit on stamp paper,Apply online via official portal: honhaarscholarship.punjabhec.gov.pk during annual admission cycle.,https://honhaarscholarship.punjabhec.gov.pk/,042-99230001
PB-SCH-02,Punjab Educational Endowment Fund (PEEF) Undergraduate Scholarship,پنجاب ایجوکیشنل اینڈومنٹ فنڈ (پیف) انڈرگریجویٹ اسکالرشپ,Scholarship,Province-Wise,Punjab,"The Punjab Educational Endowment Fund (PEEF), Govt of Punjab",Deserving and talented students from Punjab who completed Intermediate and enrolled in higher education,16,25,Undergraduate (Bachelor / BS),Yes,60000,"Minimum 60% marks in Intermediate examination from Punjab BISE; monthly family income <= PKR 60,000 (BPS 1-4 govt employees exempt)","Full tuition fees + monthly stipend (day-scholar PKR 3,000/mo, boarder PKR 5,000/mo) throughout academic program",PEEF Scholarship Form; Applicant CNIC / B-Form; Father/Guardian CNIC; Domicile certificate; Intermediate result card; Semester fee challan; Salary slip/affidavit,Submit application online on PEEF Student Portal (student.peef.org.pk) or through University Financial Aid Office.,https://student.peef.org.pk/,042-111-117-333
PB-SCH-03,"PEEF Special Quota Scholarship (Orphans, Minorities, Disabled, BPS 1-4)",پیف خصوصی کوٹہ اسکالرشپ,Scholarship,Province-Wise,Punjab,Punjab Educational Endowment Fund (PEEF),"Vulnerable category students: Orphan children, Religious minorities, Persons with Disabilities, Children of Grade 1-4 Govt employees",15,25,Intermediate / Undergraduate,Yes,60000,"Passed Matric or Inter with >=60% from Punjab BISE; relevant quota certification (Death cert of father, disability cert, minority NADRA proof, BPS 1-4 pay slip)",Complete institutional tuition fee + monthly pocket stipend,Special Quota application form; Disability certificate or Death certificate of father; Pay slip of parent (for BPS 1-4); Domicile; Result card,Apply directly online via PEEF Special Quota registration page (student.peef.org.pk/specialquotaRegistration).,https://student.peef.org.pk/,042-111-117-333
PB-SCH-04,PEEF Master's Level Scholarship,پیف ماسٹرز لیول اسکالرشپ,Scholarship,Province-Wise,Punjab,Punjab Educational Endowment Fund (PEEF),"High-achieving students admitted in Master's degree (MA, MSc, MS) in partner public universities in Punjab",20,30,Postgraduate / Master,Yes,60000,Minimum 60% marks or 2.5 CGPA in Graduation examination held in last 3 years; Punjab domicile; admitted on merit in morning session,"100% tuition fees + monthly stipend (PKR 3,000/month day scholar, PKR 5,000/month boarder)",Graduation degree & marksheet; Admission proof in partner university; Domicile; Income certificate / salary slip; CNIC,Apply directly through the Financial Aid Office / Focal Person of the participating public university.,https://student.peef.org.pk/,042-111-117-333
PB-SCH-05,TEVTA Punjab Free Technical Training Courses,ٹیوٹا پنجاب مفت تکنیکی تربیتی کورسز,Vocational / Skills Training,Province-Wise,Punjab,Technical Education and Vocational Training Authority (TEVTA) Punjab,"Youth seeking technical skills in trades, computer applications, industrial arts, automotive, and emerging technologies",16,35,Middle / Matric / Intermediate / Any,No,Not income-tested,Resident of Punjab; minimum education criteria varies by course (Middle to Matric/Inter),Free training + free course material/tool usage + TEVTA certification recognized domestically and in Gulf countries + monthly stipend in selected courses,Copy of CNIC or B-Form; Educational certificates (Matric/Middle); Two passport size photographs,Apply online at tevta.gop.pk or visit local TEVTA college / vocational training institute.,https://www.tevta.gop.pk/,042-99205461
PB-SCH-06,Punjab Skills Development Fund (PSDF) Free Skills Training,پنجاب اسکلز ڈیولپمنٹ فنڈ (پی ایس ڈی ایف) مفت ہنر پروگرام,Vocational / Skills Training,Province-Wise,Punjab,Punjab Skills Development Fund (PSDF),"Underprivileged youth in Punjab seeking high-demand skills in IT, digital freelancing, garments, agriculture, and services",18,35,Matric / Intermediate / Graduate,No,Not income-tested,Permanent domicile of Punjab; priority to poor and marginalized districts,"100% free tuition + subsidized transport stipend (approx PKR 1,500 - 3,000/mo) + accredited certification + job placement support",Valid CNIC; Educational transcripts; Proof of residence in Punjab,Enroll online through PSDF website (psdf.org.pk) during course admission rounds.,https://www.psdf.org.pk/,0800-48627
PB-FIN-01,Punjab Social Protection Authority (PSPA) Ba-Himmat Buzurg Program,پنجاب باہمت بزرگ پروگرام,Financial Assistance / Senior Citizen Welfare,Province-Wise,Punjab,"Punjab Social Protection Authority (PSPA), Govt of Punjab",Vulnerable senior citizens (aged 65+) in Punjab residing in households not covered by BISP,65,100,Any / None,No,25000,Age 65+ confirmed via NADRA CNIC; resident of Punjab; NSER poverty score <= 30; preference given to elderly women; exclusive to households not enrolled in BISP Kafaalat,"Monthly cash pension of PKR 2,000 disbursed via Bank of Punjab biometric branchless banking card/ATM",Original NADRA CNIC showing verified date of birth (65+); Proof of Punjab domicile / permanent residential address; Active personal mobile SIM card,Beneficiaries identified automatically through NSER database. Inquiries and biometric onboarding available at Bank of Punjab or PSPA facilitation desks.,https://pspa.punjab.gov.pk/,1221
PB-FIN-02,PSPA Humqadam Program for Persons with Disabilities,ہم قدم پروگرام برائے معذور افراد پنجاب,Financial Assistance / Disability Support,Province-Wise,Punjab,Punjab Social Protection Authority (PSPA),Persons with severe disabilities holding special NADRA CNIC living in low-income families,0,65,Any / None,No,25000,Possession of Special CNIC or B-Form with disability logo issued by NADRA; NSER PMT score <= 30,"Monthly unconditional cash assistance of PKR 2,000 disbursed through Bank of Punjab biometric accounts",Special CNIC/B-Form with disability symbol; Disability certificate from District Assessment Board; Punjab residential proof,"Get evaluated by District Assessment Board for disability, obtain special CNIC from NADRA, verify enrollment at PSPA / BoP branch.",https://pspa.punjab.gov.pk/,1221
PB-FIN-03,Punjab Himmat Card Scheme (Social Welfare Department),پنجاب ہمت کارڈ اسکیم,Financial Assistance / Disability Support,Province-Wise,Punjab,"Social Welfare & Bait-ul-Maal Department, Government of the Punjab",Certified Persons with Disabilities (PWDs) who are not fit to work and lack financial support,18,65,Any / None,No,35000,Registered as disabled in Disability Persons Management Information System (DPMIS); Punjab domicile; not employed in govt/private firm,"Quarterly stipend of PKR 10,500 disbursed via designated Bank of Punjab Himmat ATM Card + provision of assistive devices",Special CNIC with wheelchair insignia; DPMIS registration number; Punjab domicile certificate; Medical board assessment certificate,Register on the Punjab DPMIS portal (dpmis.punjab.gov.pk) and collect card from designated Bank of Punjab branches.,https://swd.punjab.gov.pk/,1312
PB-FIN-04,PSPA Nayee Zindagi Program (Acid Burn Victims Rehabilitation),نئی زندگی پروگرام برائے متاثرین تیزاب گردی,Financial Assistance / Medical & Legal Aid,Province-Wise,Punjab,Punjab Social Protection Authority (PSPA),Victims of acid burn attacks residing in Punjab,0,70,Any / None,No,Not income-tested,Victim of acid crime in Punjab; FIR / Medico-legal report (MLC) verified by police and health department,Free medical and reconstructive surgery + psychological counseling + legal aid + monthly subsistence stipend + vocational training,Copy of FIR; Medico-Legal Certificate (MLC); Patient CNIC/B-Form; Hospital medical records,"Contact PSPA Helpdesk 1221 or visit PSPA counter at major tertiary burn units in Lahore, Multan, or Faisalabad.",https://pspa.punjab.gov.pk/,1221
PB-FIN-05,Chief Minister Punjab Kissan Card Scheme,وزیراعلیٰ پنجاب کسان کارڈ اسکیم,Agricultural Subsidy / Financial Assistance,Province-Wise,Punjab,Agriculture Department Punjab in collaboration with Bank of Punjab,Small and medium agricultural farmers cultivating land up to 12.5 acres in Punjab,18,70,Any / None,No,Not income-tested,Land ownership verified through Punjab Land Records Authority (PLRA); clean credit history; registered SIM on CNIC,"Interest-free agricultural loans up to PKR 150,000 per crop season for subsidized fertilizer, seeds, and agrochemicals via digital wallet",Valid CNIC; PLRA land ownership fard/khatuni; Biometric SIM card; Mobile phone,Send CNIC to 8070 via SMS or apply at nearest Punjab Land Record Center (Arazi Record Center) or BoP branch.,https://agripunjab.gov.pk/,0800-17000
PB-FIN-06,Chief Minister Punjab Green Tractor Scheme,وزیراعلیٰ پنجاب گرین ٹریکٹر اسکیم,Agricultural Subsidy,Province-Wise,Punjab,"Agriculture Department, Government of Punjab",Farmers owning between 1 to 50 acres of agricultural land in Punjab,18,70,Any / None,No,Not income-tested,Permanent resident of Punjab; verified agricultural land ownership; selection via transparent electronic balloting,"Government subsidy of PKR 1,000,000 (10 Lakh) per tractor on purchase of approved local tractors",Valid CNIC; Land ownership certificate verified by PLRA; Affidavit agreeing not to sell tractor for 3 years,Submit online application through official Punjab Agriculture portal (agripunjab.gov.pk) during balloting registration window.,https://agripunjab.gov.pk/,0800-17000
PB-FIN-07,Punjab Bait-ul-Mal Guzara Allowance,پنجاب بیت المال گزارہ الاؤنس,Financial Assistance,Province-Wise,Punjab,"Social Welfare & Bait-ul-Maal Department, Government of Punjab","Needy widows, disabled persons, and indigent citizens residing permanently in Punjab",18,80,Any / None,No,25000,Must be certified as Mustahiq (deserving) by the District Bait-ul-Mal Committee; not in receipt of other pensions,"Financial grant of PKR 1,500 to PKR 2,000 per month disbursed through local post offices or bank accounts",Application form; Copy of CNIC; Death certificate of husband (for widows); Disability certificate (if applicable); Two references,Apply through District Officer Social Welfare / District Bait-ul-Mal Committee in respective district.,https://swd.punjab.gov.pk/,1312
SN-SCH-01,Sindh Educational Endowment Fund (SEEF) Scholarship,سندھ ایجوکیشنل اینڈومنٹ فنڈ (سیف) اسکالرشپ,Scholarship,Province-Wise,Sindh,"College Education Department, Government of Sindh",Deserving and talented students holding Sindh domicile enrolled in higher education institutions,17,28,"Undergraduate / Postgraduate (BS, MBBS, BE, MBA/MS)",Yes,100000,"Sindh Domicile & PRC (Form C); enrolled in approved institutions in Medicine, Engineering, IT, Agriculture, Law, Business; minimum 60% or 2.5 CGPA; verified financial hardship",100% tuition fee and mandatory institutional charges paid directly to approved university for the academic year,Applicant CNIC / B-Form; Father/Guardian CNIC; Sindh Domicile and PRC (Form C); Previous semester transcript; University enrollment certificate; Income certificate / pay slip; Utility bills,Apply online at SEEF portal (seef.sindh.gov.pk) and submit hard copy dossier with attached documentation to the University Financial Aid Office.,https://seef.sindh.gov.pk/,021-99211221
SN-SCH-02,Sindh Higher Education Commission (SHEC) Indigenous Scholarships,سندھ ایچ ای سی مقامی اسکالرشپ,Scholarship,Province-Wise,Sindh,Sindh Higher Education Commission (SHEC),Meritorious postgraduate and doctoral scholars pursuing research in public universities in Sindh,22,40,Postgraduate (MPhil / PhD),Yes,Not income-tested,Sindh Domicile; enrolled in HEC-recognized public university in Sindh; clear aptitude test and research proposal review,"Full tuition fees + monthly stipend of PKR 25,000 for PhD scholars + thesis defense funding",Domicile & PRC; Academic degrees from Matric to MS; Research synopsis approved by Advanced Studies Board (ASRB); CNIC,Apply through SHEC online portal (shec.sindh.gov.pk) or through university directorate of research.,https://shec.sindh.gov.pk/,021-99244141
SN-SCH-03,STEVTA Sindh Free Technical Training & Vocational Education,سندھ ٹیوٹا مفت تکنیکی و پیشہ ورانہ تربیت,Vocational / Skills Training,Province-Wise,Sindh,Sindh Technical Education and Vocational Training Authority (STEVTA),"Youth in Sindh seeking practical employment skills in electrical, mechanical, IT, fashion design, and healthcare trades",16,35,Middle / Matric / Intermediate / Any,No,Not income-tested,Resident of Sindh holding CNIC/B-Form; basic literacy or Matric depending on course tier,Free training + tool usage + Sindh Board of Technical Education (SBTE) certification + stipend in donor-funded tracks,CNIC/B-Form; Educational certificates; 2 passport photos; Sindh domicile (if required),"Visit nearest STEVTA Vocational Training Institute (VTI) or polytechnic institute in Karachi, Hyderabad, Sukkur, etc.",https://stevta.gos.pk/,021-99244112
SN-FIN-01,Sindh Peoples Housing for Flood Affectees (SPHF) Reconstruction Grant,سندھ پیپلز ہاؤسنگ برائے سیلاب متاثرین گرانٹ,Financial Assistance / Housing Grant,Province-Wise,Sindh,"Sindh Peoples Housing for Flood Affectees (SPHF), Government of Sindh",Families whose houses were completely destroyed or severely damaged during devastating floods in Sindh,18,80,Any / None,No,Not income-tested,House damage verified through geo-tagged satellite/field survey; land title registered in woman head's name,"Direct cash grant of up to PKR 300,000 transferred in tranches into beneficiary bank/microfinance account for resilient house construction",NADRA CNIC of female head/applicant; Geo-tagged damage survey token; Proof of land ownership/certificate,Identified through door-to-door SPHF survey and verified at SPHF district facilitation centers.,https://sphf.gos.pk/,0800-77431
SN-FIN-02,Sindh Social Protection Authority (SSPA) Mother & Child Support Program,سندھ سوشل پروٹیکشن اتھارٹی ماں اور بچہ سپورٹ پروگرام,Financial Assistance / Maternal Health,Province-Wise,Sindh,"Sindh Social Protection Authority (SSPA), Government of Sindh",Pregnant and lactating mothers living in selected vulnerable rural districts of Sindh,18,45,Any / None,No,25000,"Resident of target rural districts in Sindh; attending mandatory prenatal, postnatal, and institutional birth services","Cash transfers up to PKR 30,000 phased across pregnancy, institutional delivery, birth registration, and 1,000 days growth monitoring",Mother's CNIC; Health center maternal passport / ANC card; Child birth registration certificate,Register at rural basic health units (BHUs) or Tehsil hospitals equipped with SSPA registration desks.,https://sspa.sindh.gov.pk/,021-99207568
SN-FIN-03,Sindh Zakat & Ushr Department Guzara Allowance,سندھ زکوٰۃ و عشر گزارہ الاؤنس,Financial Assistance / Zakat,Province-Wise,Sindh,"Zakat and Ushr Department, Government of Sindh","Needy Muslims, poor widows, disabled individuals, and orphans residing in Sindh",18,80,Any / None,No,25000,Muslim faith; certified as Mustahiq-e-Zakat by Local Zakat Committee (LZC); not receiving other regular government pensions,"Monthly cash stipend of PKR 1,500 - 2,000 disbursed through mobile money or post office accounts",Application on prescribed Zakat form; Valid CNIC copy; Local Zakat Committee verification; Death certificate of spouse (for widows),Submit completed application to the Chairman of the Local Zakat Committee in applicant's union council or ward.,https://zakat.sindh.gov.pk/,021-99206253
SN-HLT-01,Sindh Institute of Urology and Transplantation (SIUT) Free Specialized Healthcare,ایس آئی یو ٹی مفت گردہ و یورولوجی علاج,Health Support,Province-Wise,Sindh,Sindh Institute of Urology and Transplantation (SIUT) & Sindh Govt,"All patients requiring dialysis, kidney transplant, liver transplant, urological surgeries, and oncology treatment",0,100,Any / None,No,Not income-tested,"Open to all deserving patients regardless of race, religion, or background with zero charges ('Free Healthcare with Dignity')","100% free lifelong hemodialysis, kidney transplants, organ immunosuppressive drugs, cancer chemotherapy, and surgeries",Patient CNIC or B-Form; Medical history/referral documents; Attending guardian CNIC,"Walk into SIUT Karachi or regional outreach centers in Sukkur, Larkana; instant emergency triage and admission.",https://siut.org/,021-99215752
KP-HLT-01,Sehat Card Plus Khyber Pakhtunkhwa,صحت کارڈ پلس خیبر پختونخوا,Health Support,Province-Wise,Khyber Pakhtunkhwa (including merged tribal districts),"Health Department, Government of Khyber Pakhtunkhwa & State Life",All permanent resident families of Khyber Pakhtunkhwa (100% Universal Coverage),0,100,Any / None,No,Not income-tested,Permanent address of Khyber Pakhtunkhwa registered on NADRA CNIC; family registered in NADRA civil database,"Free cashless in-patient treatment up to PKR 1,000,000 per family per year covering secondary healthcare, cardiology, oncology, kidney transplant, neurosurgery, and intensive care across empanelled hospitals",Original NADRA CNIC of patient; Child NADRA B-Form for patients under 18; Family Registration Certificate (FRC),Verify family eligibility by SMS (send 13-digit CNIC to 8500 or 9700) or online at sehatcardplus.gov.pk. Present CNIC at Sehat Card counter in any empanelled hospital.,https://sehatcardplus.gov.pk/,0800-89898
KP-SCH-01,Khyber Pakhtunkhwa Educational Endowment Fund (KPEEF) Scholarship,خیبر پختونخوا ایجوکیشنل اینڈومنٹ فنڈ (کے پی ایف) اسکالرشپ,Scholarship,Province-Wise,Khyber Pakhtunkhwa,"Higher Education Department, Government of Khyber Pakhtunkhwa","Underprivileged, talented students holding KP domicile studying in approved colleges and universities",16,26,Undergraduate (BS / Professional Degrees),Yes,60000,KP domicile; passed Intermediate with minimum 60% marks; admitted on open merit in public institution,100% tuition fee coverage + annual stipend towards hostel and educational expenses,KPEEF Application Form; KP Domicile certificate; Intermediate result card; Father/Guardian income slip/affidavit; Fee receipt,Apply through the Financial Aid Office / Focal Person of the enrolled college/university.,https://hed.kp.gov.pk/,091-9210337
KP-SCH-02,KP Merged Areas (Former FATA) Students Higher Education Scholarships,فاٹا ضم شدہ اضلاع کے طلبہ کے لیے اعلیٰ تعلیمی اسکالرشپ,Scholarship,Province-Wise,Khyber Pakhtunkhwa (Merged Tribal Districts),Higher Education Department KP & Directorate of Merged Areas,"Students belonging to merged tribal districts (Bajaur, Khyber, Kurram, Mohmand, Orakzai, North/South Waziristan)",17,28,Undergraduate / Postgraduate,Yes,Not income-tested,Permanent domicile of erstwhile FATA tribal agencies/FRs; admitted in public universities across Pakistan on reserved seats,Full tuition fees + boarding charges + annual book stipend,Domicile of Merged District; CNIC/B-Form; SSC/HSSC marks cards; University enrollment letter,Apply through institutional financial aid desk or online via KP Higher Education portal.,https://hed.kp.gov.pk/,091-9210337
KP-SCH-03,KP-TEVTA Free Technical & Vocational Training,کے پی ٹیوٹا مفت تکنیکی تربیت کورسز,Vocational / Skills Training,Province-Wise,Khyber Pakhtunkhwa,Khyber Pakhtunkhwa Technical Education & Vocational Training Authority (KP-TEVTA),"Youth in KP seeking industry-standard technical training in computing, electrical, civil, mechanical, and hospitality",16,35,Middle / Matric / Intermediate,No,Not income-tested,Resident of KP or merged districts; fulfilling academic prerequisites for chosen course,Free training + toolkits + trade certificate accredited by KP Trade Testing Board (TTB),CNIC/B-Form copy; School certificates; 2 photographs; KP domicile,Apply online at kptevta.gov.pk or directly at regional Government Technical Training Centers (GTTC).,https://kptevta.gov.pk/,091-5704267
KP-FIN-01,Khyber Pakhtunkhwa Workers Welfare Board Marriage Grant,خیبر پختونخوا ورکرز ویلفیئر بورڈ شادی گرانٹ,Financial Assistance,Province-Wise,Khyber Pakhtunkhwa,Workers Welfare Board (WWB) Khyber Pakhtunkhwa,Registered industrial workers in KP for the marriage of their daughters,18,65,Any / None,No,50000,Worker registered with KP Social Security (ESSI) or EOBI; at least 3 years service in industrial unit,"One-time financial grant of PKR 400,000 per daughter",Worker registration card; Employer certificate; Nikahnama; CNIC of worker and bride/groom,Submit application through industrial employer to KP Workers Welfare Board in Peshawar.,https://wwb.kp.gov.pk/,091-9213871
BL-SCH-01,Balochistan Educational Endowment Fund (BEEF) In-Province Scholarship,بلوچستان ایجوکیشنل اینڈومنٹ فنڈ (بیف) انٹرا پراونشل اسکالرشپ,Scholarship,Province-Wise,Balochistan,Balochistan Educational Endowment Fund (BEEF),Talented and deserving students holding Balochistan domicile enrolled in public colleges and universities in Balochistan,15,28,Intermediate / Undergraduate / Master,Yes,60000,Balochistan Local/Domicile Certificate; minimum 60% marks in previous annual exam; regular student,"Annual educational stipend ranging from PKR 30,000 to PKR 80,000 depending on degree level",Local/Domicile certificate; Student CNIC/B-Form; Marks certificates; Institutional verification; Income certificate,Submit BEEF application form through institutional scholarship committee in respective college/university.,https://beef.org.pk/,081-9202095
BL-SCH-02,BEEF Out-of-Province Premier Scholarships Scheme,بیف آؤٹ آف پراونس پریمیئر اسکالرشپ اسکیم,Scholarship,Province-Wise,Balochistan,Balochistan Educational Endowment Fund (BEEF),"Balochistan students securing admissions on merit in top-ranked national universities outside Balochistan (LUMS, NUST, GIKI, IBA, AKU, FAST, etc.)",17,26,Undergraduate (Bachelor / BS),Yes,Not income-tested,Balochistan Local/Domicile; secured admission on open merit in BEEF-designated Centers of Excellence outside Balochistan,100% full tuition fee + hostel accommodation charges + monthly subsistence stipend,Balochistan Local Certificate; University Admission Letter; Fee voucher; SSC & HSSC result cards; CNIC,Apply directly through BEEF online portal or through the Financial Aid Office of partner top-tier universities.,https://beef.org.pk/,081-9202095
BL-SCH-03,Balochistan TEVTA Free Technical Education Courses,بلوچستان ٹیوٹا مفت فنی تربیت,Vocational / Skills Training,Province-Wise,Balochistan,Balochistan Technical Education and Vocational Training Authority (B-TEVTA),"Youth in Balochistan seeking technical trades in mining, heavy machinery, solar electrical, plumbing, and IT",16,35,Middle / Matric / Any,No,Not income-tested,Local resident of Balochistan; willingness to complete vocational certification,Free training + free hostel in selected institutes + stipend + recognized trade diploma,Local/Domicile certificate; CNIC/B-Form; Educational marksheet; 2 photos,"Apply directly at regional technical training centers (TTC) in Quetta, Gwadar, Khuzdar, Loralai, Turbat.",https://btevta.gob.pk/,081-9213192
BL-FIN-01,Balochistan Zakat & Social Welfare Guzara Allowance,بلوچستان زکوٰۃ گزارہ الاؤنس,Financial Assistance / Zakat,Province-Wise,Balochistan,"Zakat and Ushr Department, Government of Balochistan","Poor, destitute individuals, widows, and disabled persons across districts of Balochistan",18,80,Any / None,No,25000,Muslim; certified as Mustahiq by Local Zakat Committee (LZC); resident of Balochistan,"Financial subsistence stipend of PKR 1,500 to PKR 2,000 per month",Application on Zakat form; CNIC copy; Local Zakat Committee endorsement; Widow death cert (if applicable),Submit to the Chairman of the Local Zakat Committee in respective village/tehsil in Balochistan.,https://balochistan.gov.pk/,081-9201503
AJK-HLT-01,AJK Sehat Sahulat Program (Universal Health Coverage),صحت سہولت پروگرام آزاد جموں و کشمیر,Health Support,Province-Wise,Azad Jammu & Kashmir,Department of Health AJK & State Life Insurance Corporation,100% permanent resident families of all 10 districts of Azad Jammu & Kashmir,0,100,Any / None,No,Not income-tested,State Subject / AJK permanent address registered on NADRA CNIC; universal family entitlement,"Cashless hospitalization coverage up to PKR 1,000,000 per family per year in empanelled hospitals across AJK and Pakistan",Original NADRA CNIC with AJK address; B-Form for children; Family Registration Certificate (FRC),Check eligibility via SMS (send CNIC to 8500) and present CNIC at hospital Sehat Sahulat counter.,https://www.pmhealthprogram.gov.pk/,0800-09009
AJK-SCH-01,AJK Technical Education & Vocational Training Authority (TEVTA) Free Courses,اے جے کے ٹیوٹا مفت فنی تربیتی کورسز,Vocational / Skills Training,Province-Wise,Azad Jammu & Kashmir,"AJK TEVTA, Government of AJK","Youth of Azad Kashmir seeking professional trades in IT, mechanical, electrical, tourism, and hospitality",16,35,Middle / Matric / Intermediate,No,Not income-tested,State Subject of AJK; clearance of admission aptitude interview,Free tuition + toolkits + trade certificate accredited by National and AJK testing bodies,State Subject Certificate; CNIC/B-Form; Educational certificates; 2 photographs,"Apply directly at vocational training centers in Muzaffarabad, Mirpur, Rawalakot, Kotli.",https://tevta.ajk.gov.pk/,05822-921477